recommendation_id,user_id,instrument_id,rating_id,expected_cagr_low,expected_cagr_high,reason,hard_gates_snapshot,created_at
1,1,1,3,12.0,16.0,Passive index fund ideal for beginner with moderate risk profile,"{""min_age"": 18, ""kyc_required"": true, ""min_investment"": 500}",2026-02-17T12:00:00Z
2,1,5,3,14.0,19.0,"ELSS saves ₹46,800 tax under 80C and builds long-term wealth","{""min_age"": 18, ""kyc_required"": true, ""lock_in_years"": 3}",2026-02-17T12:00:00Z
3,1,6,3,11.0,15.0,Balanced advantage fund reduces volatility for medium-term goals,"{""min_age"": 18, ""kyc_required"": true, ""min_investment"": 1000}",2026-02-17T12:00:00Z
4,1,7,2,6.5,8.0,Short-term debt fund for emergency fund parking — low risk,"{""min_age"": 18, ""kyc_required"": true, ""min_investment"": 1000}",2025-11-30T12:00:00Z
5,1,3,3,15.0,21.0,Mid cap exposure recommended given 5+ year investment horizon,"{""min_age"": 18, ""kyc_required"": true, ""min_investment"": 500}",2026-02-17T12:00:00Z
