pot_id,user_id,goal_id,name,target_amount,current_amount,created_at,updated_at
1,1,1,Emergency Fund Pot,360000.0,145000.0,2025-08-30T12:00:00Z,2026-02-21T12:00:00Z
2,1,2,Retirement Savings,500000.0,285000.0,2025-02-26T12:00:00Z,2026-02-16T12:00:00Z
3,1,3,Laptop Fund,120000.0,48000.0,2025-11-28T12:00:00Z,2026-02-23T12:00:00Z
4,1,4,Goa Trip Savings,80000.0,32000.0,2025-12-28T12:00:00Z,2026-02-24T12:00:00Z
5,1,5,Home Down Payment Pot,500000.0,125000.0,2025-06-01T12:00:00Z,2026-02-19T12:00:00Z
